{
  "project_info": {
    "project_number": "939617672978",
    "firebase_url": "https://amovie-91216-default-rtdb.firebaseio.com",
    "project_id": "amovie-91216",
    "storage_bucket": "amovie-91216.appspot.com"
  },
  "client": [
    {
      "client_info": {
        "mobilesdk_app_id": "1:939617672978:android:b79ff2c8d816b5fab89dcb",
        "android_client_info": {
          "package_name": "com.cces.mapp.amovie"
        }
      },
      "oauth_client": [
        {
          "client_id": "939617672978-797n9aeno2b1p7dhabm3hb267pdfl67r.apps.googleusercontent.com",
          "client_type": 3
        }
      ],
      "api_key": [
        {
          "current_key": "AIzaSyDZXTtCl3PSQcdsFItf26_8IWHn16oFRgw"
        }
      ],
      "services": {
        "appinvite_service": {
          "other_platform_oauth_client": [
            {
              "client_id": "939617672978-797n9aeno2b1p7dhabm3hb267pdfl67r.apps.googleusercontent.com",
              "client_type": 3
            }
          ]
        }
      }
    }
  ],
  "configuration_version": "1"
}